{
  "$schema": "https://raw.githubusercontent.com/grafana/grafana/main/docs/sources/developers/plugins/plugin.schema.json",
  "type": "panel",
  "name": "Flow",
  "id": "andrewbmchugh-flow-panel",
  "info": {
    "keywords": ["panel"],
    "description": "Svg flowchart visualization",
    "author": {
      "name": "Andrewbmchugh"
    },
    "logos": {
      "small": "img/logo.svg",
      "large": "img/logo.svg"
    },
    "links": [],
    "screenshots": [
      {"name": "Getting Started", "path": "img/example1.png"},
      {"name": "Middleware Bus", "path": "img/example2.png"}
    ],
    "version": "1.1.2",
    "updated": "2024-02-17"
  },
  "dependencies": {
    "grafanaDependency": ">=10.0.3",
    "plugins": []
  }
}
